{
  "random": {
    "episodes": 50,
    "mean_reward": -61.5086430003078,
    "success_rate": 0.86,
    "mean_coverage": 0.7505555552244186,
    "mean_confirmed_targets": 0.86,
    "mean_steps": 40.86,
    "false_investigation_rate": 0.08418991678903573,
    "immediate_backtrack_rate": 0.16495349975526186,
    "reverse_move_rate": 0.09397944199706314,
    "mean_backtracks": 6.74,
    "mean_time_to_first_confirm_step": 31.88372093023256
  },
  "lawnmower": {
    "episodes": 50,
    "mean_reward": 85.6479103798226,
    "success_rate": 0.8,
    "mean_coverage": 0.7205555403232574,
    "mean_confirmed_targets": 0.8,
    "mean_steps": 38.26,
    "false_investigation_rate": 0.0,
    "immediate_backtrack_rate": 0.0,
    "reverse_move_rate": 0.0,
    "mean_backtracks": 0.0,
    "mean_time_to_first_confirm_step": 23.825
  },
  "greedy_frontier": {
    "episodes": 50,
    "mean_reward": -455.5961217034198,
    "success_rate": 0.08,
    "mean_coverage": 0.19500000327825545,
    "mean_confirmed_targets": 0.08,
    "mean_steps": 88.52,
    "false_investigation_rate": 0.0,
    "immediate_backtrack_rate": 0.9887031179394488,
    "reverse_move_rate": 0.9887031179394488,
    "mean_backtracks": 87.52,
    "mean_time_to_first_confirm_step": 2.5
  },
  "greedy_hybrid": {
    "episodes": 50,
    "mean_reward": -512.3505411838852,
    "success_rate": 0.0,
    "mean_coverage": 0.20277778059244156,
    "mean_confirmed_targets": 0.0,
    "mean_steps": 96.0,
    "false_investigation_rate": 0.0,
    "immediate_backtrack_rate": 0.886875,
    "reverse_move_rate": 0.8960416666666666,
    "mean_backtracks": 85.14,
    "mean_time_to_first_confirm_step": null
  },
  "dqn_policy": {
    "episodes": 50,
    "mean_reward": 114.48144237673885,
    "success_rate": 0.88,
    "mean_coverage": 0.817222216129303,
    "mean_confirmed_targets": 0.88,
    "mean_steps": 30.06,
    "false_investigation_rate": 0.0,
    "immediate_backtrack_rate": 0.24018629407850964,
    "reverse_move_rate": 0.23885562208915503,
    "mean_backtracks": 7.22,
    "mean_time_to_first_confirm_step": 21.068181818181817
  }
}