{
  "episodes": 10,
  "mean_reward": -8.435799757903478,
  "success_rate": 0.0,
  "mean_coverage": 0.149609375
}