{
  "episodes": 10,
  "mean_reward": -2.655937499999917,
  "success_rate": 0.0,
  "mean_coverage": 0.06796875
}