{
  "active_controller": "rl_mission_controller",
  "coverage_cols": 20,
  "coverage_rows": 20,
  "detected_not_reported": 2,
  "detection_messages": 2109,
  "detections_false": 1956,
  "detections_matched": 464,
  "detections_total": 2420,
  "elapsed_s": 60.1,
  "ground_truth_targets": 6,
  "last_pose": {
    "enu_x": 18.995195388793945,
    "enu_y": 10.678328514099121,
    "enu_z": 5.9378509521484375,
    "ned_x": 10.678328514099121,
    "ned_y": 18.995195388793945,
    "ned_z": -5.9378509521484375
  },
  "max_altitude_m": 6.231044769287109,
  "mean_best_detection_error_m": 0.27699450164667233,
  "mean_best_report_error_m": 1.3432064831234438,
  "mean_first_detection_time_s": 10.704,
  "mean_first_report_time_s": 5.553000000000001,
  "median_best_detection_error_m": 0.14368945289446244,
  "median_best_report_error_m": 1.5022231699667692,
  "min_altitude_m": 0.03092193603515625,
  "mission_started": true,
  "model_path": "pyflyt_rl/artifacts/latest/model.zip",
  "path_coverage_fraction": 0.0875,
  "path_length_m": 147.60847612640478,
  "phase": "SEARCH",
  "phase_durations_s": {
    "ARMING": 1.1999999999999993,
    "HANDOFF": 9.7,
    "PREFLIGHT": 1.5999999999999996,
    "SEARCH": 60.1
  },
  "policy_label": "rl",
  "reported_locations_false": 21,
  "reported_locations_matched": 9,
  "reported_locations_total": 30,
  "run_dir": "/workspace/artifacts/sitl_eval/pyflyt_smoke_20260430T215437Z",
  "search_bounds_only": true,
  "search_path_length_m": 141.52074131997557,
  "stop_on_terminal_phase": true,
  "target_filter": "people",
  "targets": [
    {
      "best_detection_error_m": 0.15461370356563758,
      "best_report_error_m": 1.5487061056920182,
      "class_name": "person",
      "detected": true,
      "detection_count": 125,
      "enu_x": 8.0,
      "enu_y": 5.0,
      "enu_z": 0.0,
      "first_detection_error_m": 3.925783408423068,
      "first_detection_s": 0.30400000000000205,
      "first_report_error_m": 1.5487061056920182,
      "first_report_s": 2.400000000000002,
      "first_visible_s": 0.45600000000000307,
      "in_search_area": true,
      "is_victim": false,
      "last_detection_s": 50.272,
      "max_confidence": 0.9016925096511841,
      "name": "person_standing_01",
      "ned_x": 5.0,
      "ned_y": 8.0,
      "report_count": 3,
      "reported": true,
      "target_id": 0,
      "visible_before_detection": false,
      "visible_count": 373
    },
    {
      "best_detection_error_m": 0.13276520222328733,
      "best_report_error_m": 1.546312440654234,
      "class_name": "person",
      "detected": true,
      "detection_count": 90,
      "enu_x": -5.0,
      "enu_y": 12.0,
      "enu_z": 0.0,
      "first_detection_error_m": 3.1105326665298025,
      "first_detection_s": 7.088000000000001,
      "first_report_error_m": 1.546312440654234,
      "first_report_s": 9.604,
      "first_visible_s": null,
      "in_search_area": true,
      "is_victim": false,
      "last_detection_s": 50.108,
      "max_confidence": 0.7739666700363159,
      "name": "person_standing_02",
      "ned_x": 12.0,
      "ned_y": -5.0,
      "report_count": 2,
      "reported": true,
      "target_id": 1,
      "visible_before_detection": false,
      "visible_count": 0
    },
    {
      "best_detection_error_m": 0.1229456340713867,
      "best_report_error_m": 0.819673486868219,
      "class_name": "person",
      "detected": true,
      "detection_count": 88,
      "enu_x": 15.0,
      "enu_y": -8.0,
      "enu_z": 0.0,
      "first_detection_error_m": 1.8233436326431853,
      "first_detection_s": 2.552000000000003,
      "first_report_error_m": 2.9983164790630243,
      "first_report_s": 2.6080000000000005,
      "first_visible_s": 0.012000000000000455,
      "in_search_area": true,
      "is_victim": false,
      "last_detection_s": 16.176000000000002,
      "max_confidence": 0.8892682194709778,
      "name": "person_walking_01",
      "ned_x": -8.0,
      "ned_y": 15.0,
      "report_count": 2,
      "reported": true,
      "target_id": 2,
      "visible_before_detection": true,
      "visible_count": 295
    },
    {
      "best_detection_error_m": 1.0163715766433916,
      "best_report_error_m": null,
      "class_name": "person",
      "detected": true,
      "detection_count": 3,
      "enu_x": -18.0,
      "enu_y": 6.0,
      "enu_z": 0.0,
      "first_detection_error_m": 1.0163715766433916,
      "first_detection_s": 36.972,
      "first_report_error_m": null,
      "first_report_s": null,
      "first_visible_s": null,
      "in_search_area": true,
      "is_victim": false,
      "last_detection_s": 37.072,
      "max_confidence": 0.5313920974731445,
      "name": "person_standing_03",
      "ned_x": 6.0,
      "ned_y": -18.0,
      "report_count": 0,
      "reported": false,
      "target_id": 3,
      "visible_before_detection": false,
      "visible_count": 0
    },
    {
      "best_detection_error_m": 0.04771992158759799,
      "best_report_error_m": 1.4581338992793045,
      "class_name": "person",
      "detected": true,
      "detection_count": 145,
      "enu_x": 3.0,
      "enu_y": -16.0,
      "enu_z": 0.0,
      "first_detection_error_m": 1.9112931442853842,
      "first_detection_s": 7.536000000000001,
      "first_report_error_m": 1.942774910840309,
      "first_report_s": 7.600000000000001,
      "first_visible_s": 19.976,
      "in_search_area": true,
      "is_victim": true,
      "last_detection_s": 43.736,
      "max_confidence": 0.8338217735290527,
      "name": "victim_standing_01",
      "ned_x": -16.0,
      "ned_y": 3.0,
      "report_count": 2,
      "reported": true,
      "target_id": 6,
      "visible_before_detection": false,
      "visible_count": 771
    },
    {
      "best_detection_error_m": 0.18755097178873292,
      "best_report_error_m": null,
      "class_name": "person",
      "detected": true,
      "detection_count": 13,
      "enu_x": -14.0,
      "enu_y": -4.0,
      "enu_z": 0.0,
      "first_detection_error_m": 2.1283066758186497,
      "first_detection_s": 9.771999999999998,
      "first_report_error_m": null,
      "first_report_s": null,
      "first_visible_s": null,
      "in_search_area": true,
      "is_victim": true,
      "last_detection_s": 34.056000000000004,
      "max_confidence": 0.6990317106246948,
      "name": "victim_standing_02",
      "ned_x": -4.0,
      "ned_y": -14.0,
      "report_count": 0,
      "reported": false,
      "target_id": 7,
      "visible_before_detection": false,
      "visible_count": 0
    }
  ],
  "targets_detected": 6,
  "targets_reported": 4,
  "targets_visible": 3,
  "time_to_first_detection_s": 0.30400000000000205,
  "time_to_first_report_s": 2.400000000000002,
  "visible_coverage_fraction": 0.615,
  "visible_not_detected": 0,
  "world_path": "worlds/search_area.sdf"
}
