{
  "episodes": 10,
  "mean_reward": 4.143747726774883,
  "success_rate": 0.0,
  "mean_coverage": 0.132421875
}