{
  "dqn_policy": {
    "episodes": 3,
    "mean_reward": -388.30671087910906,
    "success_rate": 0.3333333333333333,
    "mean_coverage": 0.996666669845581,
    "mean_confirmed_targets": 11.333333333333334,
    "mean_steps": 192.0,
    "false_investigation_rate": 0.006944444444444444,
    "immediate_backtrack_rate": 0.003472222222222222,
    "reverse_move_rate": 0.0,
    "shielded_action_rate": 0.5,
    "mean_backtracks": 0.6666666666666666,
    "mean_shielded_actions": 96.66666666666667,
    "mean_time_to_first_confirm_step": 7.666666666666667
  },
  "random": {
    "episodes": 3,
    "mean_reward": -1456.5580150509115,
    "success_rate": 0.0,
    "mean_coverage": 1.0,
    "mean_confirmed_targets": 11.333333333333334,
    "mean_steps": 256.0,
    "false_investigation_rate": 0.16927083333333334,
    "immediate_backtrack_rate": 0.020833333333333332,
    "reverse_move_rate": 0.0,
    "shielded_action_rate": 0.6302083333333334,
    "mean_backtracks": 5.333333333333333,
    "mean_shielded_actions": 169.0,
    "mean_time_to_first_confirm_step": 7.0
  },
  "greedy_frontier": {
    "episodes": 3,
    "mean_reward": -1568.48451062237,
    "success_rate": 0.0,
    "mean_coverage": 1.0,
    "mean_confirmed_targets": 10.0,
    "mean_steps": 256.0,
    "false_investigation_rate": 0.00390625,
    "immediate_backtrack_rate": 0.0078125,
    "reverse_move_rate": 0.0,
    "shielded_action_rate": 0.8307291666666666,
    "mean_backtracks": 2.0,
    "mean_shielded_actions": 235.33333333333334,
    "mean_time_to_first_confirm_step": 5.0
  },
  "greedy_hybrid": {
    "episodes": 3,
    "mean_reward": -246.70971712790484,
    "success_rate": 0.0,
    "mean_coverage": 0.9666666785875956,
    "mean_confirmed_targets": 7.666666666666667,
    "mean_steps": 256.0,
    "false_investigation_rate": 0.006510416666666667,
    "immediate_backtrack_rate": 0.0026041666666666665,
    "reverse_move_rate": 0.0,
    "shielded_action_rate": 0.020833333333333332,
    "mean_backtracks": 0.6666666666666666,
    "mean_shielded_actions": 5.333333333333333,
    "mean_time_to_first_confirm_step": 16.0
  },
  "lawnmower": {
    "episodes": 3,
    "mean_reward": -173.2879948079842,
    "success_rate": 0.0,
    "mean_coverage": 0.9366666873296102,
    "mean_confirmed_targets": 6.333333333333333,
    "mean_steps": 256.0,
    "false_investigation_rate": 0.0026041666666666665,
    "immediate_backtrack_rate": 0.0,
    "reverse_move_rate": 0.0,
    "shielded_action_rate": 0.016927083333333332,
    "mean_backtracks": 0.0,
    "mean_shielded_actions": 4.333333333333333,
    "mean_time_to_first_confirm_step": 3.6666666666666665
  }
}