{
  "active_controller": "rl_mission_controller",
  "coverage_cols": 10,
  "coverage_rows": 10,
  "detected_not_reported": 2,
  "detection_messages": 2233,
  "detections_false": 2913,
  "detections_matched": 1272,
  "detections_total": 4185,
  "elapsed_s": 60.1,
  "ground_truth_targets": 6,
  "last_pose": {
    "enu_x": -3.8713748455047607,
    "enu_y": 0.4469982385635376,
    "enu_z": 4.006839752197266,
    "ned_x": 0.4469982385635376,
    "ned_y": -3.8713748455047607,
    "ned_z": -4.006839752197266
  },
  "max_altitude_m": 4.225250244140625,
  "mean_best_detection_error_m": 0.4032533325561869,
  "mean_best_report_error_m": 1.0859637104422624,
  "mean_first_detection_time_s": 16.62066666666667,
  "mean_first_report_time_s": 35.426,
  "median_best_detection_error_m": 0.11069964770579793,
  "median_best_report_error_m": 1.0420919022556645,
  "min_altitude_m": 0.044872283935546875,
  "mission_started": true,
  "model_path": "artifacts/rl/search_policy_v2_candidate_actions_50k/model.zip",
  "path_coverage_fraction": 0.13,
  "path_length_m": 121.69841271372341,
  "phase": "SEARCH",
  "phase_durations_s": {
    "ARMING": 1.6920000000000002,
    "HANDOFF": 8.899999999999999,
    "PREFLIGHT": 5.6080000000000005,
    "SEARCH": 60.1
  },
  "policy_label": "rl",
  "reported_locations_false": 8,
  "reported_locations_matched": 5,
  "reported_locations_total": 13,
  "run_dir": "/workspace/artifacts/sitl_eval/gym_v2_smoke_20260430T224207Z",
  "search_bounds_only": true,
  "search_path_length_m": 117.64691529233069,
  "stop_on_terminal_phase": true,
  "target_filter": "people",
  "targets": [
    {
      "best_detection_error_m": 0.20792142090617977,
      "best_report_error_m": 0.9776680204923087,
      "class_name": "person",
      "detected": true,
      "detection_count": 266,
      "enu_x": 8.0,
      "enu_y": 5.0,
      "enu_z": 0.0,
      "first_detection_error_m": 2.4158184814597767,
      "first_detection_s": 22.756,
      "first_report_error_m": 2.770610566482241,
      "first_report_s": 26.700000000000003,
      "first_visible_s": 22.608000000000004,
      "in_search_area": true,
      "is_victim": false,
      "last_detection_s": 38.332,
      "max_confidence": 0.9285082221031189,
      "name": "person_standing_01",
      "ned_x": 5.0,
      "ned_y": 8.0,
      "report_count": 2,
      "reported": true,
      "target_id": 0,
      "visible_before_detection": true,
      "visible_count": 870
    },
    {
      "best_detection_error_m": 0.05855470759133591,
      "best_report_error_m": 0.9142861457823407,
      "class_name": "person",
      "detected": true,
      "detection_count": 163,
      "enu_x": -5.0,
      "enu_y": 12.0,
      "enu_z": 0.0,
      "first_detection_error_m": 0.7881751335216552,
      "first_detection_s": 14.96,
      "first_report_error_m": 0.9142861457823407,
      "first_report_s": 18.804000000000002,
      "first_visible_s": 14.816000000000003,
      "in_search_area": true,
      "is_victim": false,
      "last_detection_s": 30.18,
      "max_confidence": 0.8865297436714172,
      "name": "person_standing_02",
      "ned_x": 12.0,
      "ned_y": -5.0,
      "report_count": 1,
      "reported": true,
      "target_id": 1,
      "visible_before_detection": true,
      "visible_count": 618
    },
    {
      "best_detection_error_m": 0.09616592695584268,
      "best_report_error_m": 1.1065157840190203,
      "class_name": "person",
      "detected": true,
      "detection_count": 81,
      "enu_x": 15.0,
      "enu_y": -8.0,
      "enu_z": 0.0,
      "first_detection_error_m": 3.830527578331836,
      "first_detection_s": 33.296,
      "first_report_error_m": 1.1065157840190203,
      "first_report_s": 42.1,
      "first_visible_s": 0.008000000000002672,
      "in_search_area": true,
      "is_victim": false,
      "last_detection_s": 43.808,
      "max_confidence": 0.8485339283943176,
      "name": "person_walking_01",
      "ned_x": -8.0,
      "ned_y": 15.0,
      "report_count": 1,
      "reported": true,
      "target_id": 2,
      "visible_before_detection": true,
      "visible_count": 709
    },
    {
      "best_detection_error_m": 1.8354786444721671,
      "best_report_error_m": null,
      "class_name": "person",
      "detected": true,
      "detection_count": 277,
      "enu_x": -18.0,
      "enu_y": 6.0,
      "enu_z": 0.0,
      "first_detection_error_m": 3.196247929228543,
      "first_detection_s": 12.448,
      "first_report_error_m": null,
      "first_report_s": null,
      "first_visible_s": 12.920000000000002,
      "in_search_area": true,
      "is_victim": false,
      "last_detection_s": 60.044000000000004,
      "max_confidence": 0.8449936509132385,
      "name": "person_standing_03",
      "ned_x": 6.0,
      "ned_y": -18.0,
      "report_count": 0,
      "reported": false,
      "target_id": 3,
      "visible_before_detection": false,
      "visible_count": 859
    },
    {
      "best_detection_error_m": 0.10517469502674853,
      "best_report_error_m": null,
      "class_name": "person",
      "detected": true,
      "detection_count": 261,
      "enu_x": 3.0,
      "enu_y": -16.0,
      "enu_z": 0.0,
      "first_detection_error_m": 3.865365649241947,
      "first_detection_s": 7.280000000000001,
      "first_report_error_m": null,
      "first_report_s": null,
      "first_visible_s": 0.5800000000000018,
      "in_search_area": true,
      "is_victim": true,
      "last_detection_s": 50.772,
      "max_confidence": 0.9049772620201111,
      "name": "victim_standing_01",
      "ned_x": -16.0,
      "ned_y": 3.0,
      "report_count": 0,
      "reported": false,
      "target_id": 6,
      "visible_before_detection": true,
      "visible_count": 965
    },
    {
      "best_detection_error_m": 0.11622460038484735,
      "best_report_error_m": 1.34538489147538,
      "class_name": "person",
      "detected": true,
      "detection_count": 224,
      "enu_x": -14.0,
      "enu_y": -4.0,
      "enu_z": 0.0,
      "first_detection_error_m": 3.579661690515262,
      "first_detection_s": 8.984000000000002,
      "first_report_error_m": 1.34538489147538,
      "first_report_s": 54.1,
      "first_visible_s": 10.688000000000002,
      "in_search_area": true,
      "is_victim": true,
      "last_detection_s": 58.327999999999996,
      "max_confidence": 0.8741347789764404,
      "name": "victim_standing_02",
      "ned_x": -4.0,
      "ned_y": -14.0,
      "report_count": 1,
      "reported": true,
      "target_id": 7,
      "visible_before_detection": false,
      "visible_count": 737
    }
  ],
  "targets_detected": 6,
  "targets_reported": 4,
  "targets_visible": 6,
  "time_to_first_detection_s": 7.280000000000001,
  "time_to_first_report_s": 18.804000000000002,
  "visible_coverage_fraction": 0.89,
  "visible_not_detected": 0,
  "world_path": "worlds/search_area.sdf"
}
