{
  "active_controller": "mission_controller",
  "coverage_cols": 10,
  "coverage_rows": 10,
  "detected_not_reported": 2,
  "detection_messages": 3162,
  "detections_false": 2738,
  "detections_matched": 920,
  "detections_total": 3658,
  "elapsed_s": 90.3,
  "ground_truth_targets": 6,
  "last_pose": {
    "enu_x": 5.345925331115723,
    "enu_y": 2.4821877479553223,
    "enu_z": 3.8725128173828125,
    "ned_x": 2.4821877479553223,
    "ned_y": 5.345925331115723,
    "ned_z": -3.8725128173828125
  },
  "max_altitude_m": 4.209217071533203,
  "mean_best_detection_error_m": 0.38916532924357544,
  "mean_best_report_error_m": 1.9425884151048733,
  "mean_first_detection_time_s": 8.797333333333333,
  "mean_first_report_time_s": 49.852,
  "median_best_detection_error_m": 0.3783096965206426,
  "median_best_report_error_m": 1.5483322806962057,
  "min_altitude_m": 0.03943634033203125,
  "mission_started": true,
  "model_path": "",
  "path_coverage_fraction": 0.34,
  "path_length_m": 228.3445599434729,
  "phase": "SEARCH",
  "phase_durations_s": {
    "ARMING": 1.1999999999999993,
    "HANDOFF": 8.7,
    "INVESTIGATE": 80.788,
    "PREFLIGHT": 7.600000000000001,
    "SEARCH": 9.512
  },
  "policy_label": "grid",
  "reported_locations_false": 3,
  "reported_locations_matched": 5,
  "reported_locations_total": 8,
  "run_dir": "/workspace/artifacts/sitl_eval/compare_grid_90s_20260430T171908Z",
  "search_bounds_only": true,
  "search_path_length_m": 224.17957971297423,
  "stop_on_terminal_phase": true,
  "target_filter": "people",
  "targets": [
    {
      "best_detection_error_m": 0.02564508663683403,
      "best_report_error_m": 1.4616142011977984,
      "class_name": "person",
      "detected": true,
      "detection_count": 137,
      "enu_x": 8.0,
      "enu_y": 5.0,
      "enu_z": 0.0,
      "first_detection_error_m": 3.2168465324505178,
      "first_detection_s": 10.727999999999998,
      "first_report_error_m": 2.4130765562640266,
      "first_report_s": 21.504,
      "first_visible_s": 1.8919999999999995,
      "in_search_area": true,
      "is_victim": false,
      "last_detection_s": 82.43599999999999,
      "max_confidence": 0.9177530407905579,
      "name": "person_standing_01",
      "ned_x": 5.0,
      "ned_y": 8.0,
      "report_count": 2,
      "reported": true,
      "target_id": 0,
      "visible_before_detection": true,
      "visible_count": 247
    },
    {
      "best_detection_error_m": 0.16624457133067172,
      "best_report_error_m": 0.7072142731176638,
      "class_name": "person",
      "detected": true,
      "detection_count": 212,
      "enu_x": -5.0,
      "enu_y": 12.0,
      "enu_z": 0.0,
      "first_detection_error_m": 2.0666763665407095,
      "first_detection_s": 11.224,
      "first_report_error_m": 0.7072142731176638,
      "first_report_s": 43.804,
      "first_visible_s": 11.072,
      "in_search_area": true,
      "is_victim": false,
      "last_detection_s": 90.292,
      "max_confidence": 0.8745484352111816,
      "name": "person_standing_02",
      "ned_x": 12.0,
      "ned_y": -5.0,
      "report_count": 1,
      "reported": true,
      "target_id": 1,
      "visible_before_detection": true,
      "visible_count": 303
    },
    {
      "best_detection_error_m": 0.584821197172058,
      "best_report_error_m": null,
      "class_name": "person",
      "detected": true,
      "detection_count": 161,
      "enu_x": 15.0,
      "enu_y": -8.0,
      "enu_z": 0.0,
      "first_detection_error_m": 3.9022150838894625,
      "first_detection_s": 1.1640000000000015,
      "first_report_error_m": null,
      "first_report_s": null,
      "first_visible_s": 0.012000000000000455,
      "in_search_area": true,
      "is_victim": false,
      "last_detection_s": 81.38,
      "max_confidence": 0.8861140012741089,
      "name": "person_walking_01",
      "ned_x": -8.0,
      "ned_y": 15.0,
      "report_count": 0,
      "reported": false,
      "target_id": 2,
      "visible_before_detection": true,
      "visible_count": 207
    },
    {
      "best_detection_error_m": 0.6034280959036447,
      "best_report_error_m": 1.6350503601946127,
      "class_name": "person",
      "detected": true,
      "detection_count": 190,
      "enu_x": -18.0,
      "enu_y": 6.0,
      "enu_z": 0.0,
      "first_detection_error_m": 3.8118035814789972,
      "first_detection_s": 12.303999999999998,
      "first_report_error_m": 1.6350503601946127,
      "first_report_s": 55.599999999999994,
      "first_visible_s": 34.464,
      "in_search_area": true,
      "is_victim": false,
      "last_detection_s": 90.292,
      "max_confidence": 0.9015135765075684,
      "name": "person_standing_03",
      "ned_x": 6.0,
      "ned_y": -18.0,
      "report_count": 1,
      "reported": true,
      "target_id": 3,
      "visible_before_detection": false,
      "visible_count": 417
    },
    {
      "best_detection_error_m": 0.7830548285490168,
      "best_report_error_m": null,
      "class_name": "person",
      "detected": true,
      "detection_count": 62,
      "enu_x": 3.0,
      "enu_y": -16.0,
      "enu_z": 0.0,
      "first_detection_error_m": 2.0514185942417313,
      "first_detection_s": 5.547999999999998,
      "first_report_error_m": null,
      "first_report_s": null,
      "first_visible_s": 0.43200000000000216,
      "in_search_area": true,
      "is_victim": true,
      "last_detection_s": 76.92399999999999,
      "max_confidence": 0.8373732566833496,
      "name": "victim_standing_01",
      "ned_x": -16.0,
      "ned_y": 3.0,
      "report_count": 0,
      "reported": false,
      "target_id": 6,
      "visible_before_detection": true,
      "visible_count": 164
    },
    {
      "best_detection_error_m": 0.17179819586922712,
      "best_report_error_m": 3.966474825909419,
      "class_name": "person",
      "detected": true,
      "detection_count": 158,
      "enu_x": -14.0,
      "enu_y": -4.0,
      "enu_z": 0.0,
      "first_detection_error_m": 3.7439121799378414,
      "first_detection_s": 11.815999999999999,
      "first_report_error_m": 3.966474825909419,
      "first_report_s": 78.5,
      "first_visible_s": 11.931999999999999,
      "in_search_area": true,
      "is_victim": true,
      "last_detection_s": 90.292,
      "max_confidence": 0.9358734488487244,
      "name": "victim_standing_02",
      "ned_x": -4.0,
      "ned_y": -14.0,
      "report_count": 1,
      "reported": true,
      "target_id": 7,
      "visible_before_detection": false,
      "visible_count": 322
    }
  ],
  "targets_detected": 6,
  "targets_reported": 4,
  "targets_visible": 6,
  "time_to_first_detection_s": 1.1640000000000015,
  "time_to_first_report_s": 21.504,
  "visible_coverage_fraction": 0.98,
  "visible_not_detected": 0,
  "world_path": "worlds/search_area.sdf"
}
